Header 1;Header 2;Header 3;Header 4;Header 5
Lorem;parturient;lorem;posuere;nisl
ipsum;montes;maximus;Nulla;leo
dolor;nascetur;a;vestibulum;id
sit;ridiculus;luctus;consequat;ipsum
amet;mus;consectetur;sapien;Morbi
consectetur;Phasellus;volutpat;Vivamus;nulla
adipiscing;nulla;scelerisque;et;tellus
elit;erat;enim;ullamcorper;dignissim
Praesent;aliquam;Donec;metus;ut
ac;in;libero;ac;arcu
turpis;placerat;lectus;volutpat;at
scelerisque;vitae;auctor;metus;convallis
suscipit;egestas;at;In;posuere
nisi;sit;nunc;accumsan;sem
in;amet;et;odio;In
commodo;eros;interdum;in;hac
augue;Phasellus;eleifend;bibendum;habitasse
Orci;hendrerit;odio;blandit;platea
varius;ipsum;Curabitur;lacus;dictumst
natoque;et;efficitur;odio;Sed
penatibus;laoreet;nunc;efficitur;at
et;pretium;in;odio;sapien
magnis;Duis;metus;in;vel
dis;nulla;suscipit;venenatis;magna
